{
  "lang":"en",
  "name":"pipeline",
  "version":"0.0.0",
  "spacy_version":">=3.3.1,<3.4.0",
  "description":"",
  "author":"",
  "email":"",
  "url":"",
  "license":"",
  "spacy_git_version":"5fb597f77",
  "vectors":{
    "width":0,
    "vectors":0,
    "keys":0,
    "name":null,
    "mode":"default"
  },
  "labels":{
    "textcat":[
      "Michael",
      "Jim",
      "Dwight",
      "Angela",
      "Kelly"
    ]
  },
  "pipeline":[
    "textcat"
  ],
  "components":[
    "textcat"
  ],
  "disabled":[

  ],
  "performance":{
    "cats_score":0.2501157172,
    "cats_score_desc":"macro F",
    "cats_micro_p":0.419332763,
    "cats_micro_r":0.2870695713,
    "cats_micro_f":0.3408190225,
    "cats_macro_p":0.3216014193,
    "cats_macro_r":0.2075761945,
    "cats_macro_f":0.2501157172,
    "cats_macro_auc":0.6072175164,
    "cats_f_per_type":{
      "Michael":{
        "p":0.4734693878,
        "r":0.3602484472,
        "f":0.4091710758
      },
      "Jim":{
        "p":0.3685015291,
        "r":0.241,
        "f":0.2914147521
      },
      "Dwight":{
        "p":0.4177807487,
        "r":0.2817853922,
        "f":0.3365643511
      },
      "Angela":{
        "p":0.2258064516,
        "r":0.1108910891,
        "f":0.1487383798
      },
      "Kelly":{
        "p":0.1224489796,
        "r":0.043956044,
        "f":0.064690027
      }
    },
    "cats_macro_auc_per_type":0.0,
    "textcat_loss":10.9856001213
  }
}