{
  "lang":"en",
  "name":"pipeline",
  "version":"0.0.0",
  "spacy_version":">=3.3.1,<3.4.0",
  "description":"",
  "author":"",
  "email":"",
  "url":"",
  "license":"",
  "spacy_git_version":"5fb597f77",
  "vectors":{
    "width":0,
    "vectors":0,
    "keys":0,
    "name":null,
    "mode":"default"
  },
  "labels":{
    "textcat":[
      "Michael",
      "Dwight",
      "Jim",
      "Pam"
    ]
  },
  "pipeline":[
    "textcat"
  ],
  "components":[
    "textcat"
  ],
  "disabled":[

  ],
  "performance":{
    "cats_score":0.1875059965,
    "cats_score_desc":"macro F",
    "cats_micro_p":0.6166308481,
    "cats_micro_r":0.2396479167,
    "cats_micro_f":0.3451546487,
    "cats_macro_p":0.6303353175,
    "cats_macro_r":0.166213723,
    "cats_macro_f":0.1875059965,
    "cats_macro_auc":0.7351981231,
    "cats_f_per_type":{
      "Michael":{
        "p":0.6060794045,
        "r":0.5792817212,
        "f":0.5923776527
      },
      "Dwight":{
        "p":0.7940761636,
        "r":0.0761531178,
        "f":0.1389780301
      },
      "Jim":{
        "p":0.5405405405,
        "r":0.0060006001,
        "f":0.0118694362
      },
      "Pam":{
        "p":0.5806451613,
        "r":0.0034194529,
        "f":0.0067988669
      }
    },
    "cats_macro_auc_per_type":0.0,
    "textcat_loss":16.7220226973
  }
}