{
  "lang":"en",
  "name":"pipeline",
  "version":"0.0.0",
  "spacy_version":">=3.3.1,<3.4.0",
  "description":"",
  "author":"",
  "email":"",
  "url":"",
  "license":"",
  "spacy_git_version":"5fb597f77",
  "vectors":{
    "width":0,
    "vectors":0,
    "keys":0,
    "name":null,
    "mode":"default"
  },
  "labels":{
    "textcat":[
      "Michael",
      "Dwight",
      "Jim",
      "Pam"
    ]
  },
  "pipeline":[
    "textcat"
  ],
  "components":[
    "textcat"
  ],
  "disabled":[

  ],
  "performance":{
    "cats_score":0.1477381944,
    "cats_score_desc":"macro F",
    "cats_micro_p":0.8497787611,
    "cats_micro_r":0.1233897652,
    "cats_micro_f":0.2154899156,
    "cats_macro_p":0.9086772646,
    "cats_macro_r":0.0914049151,
    "cats_macro_f":0.1477381944,
    "cats_macro_auc":0.7742836761,
    "cats_f_per_type":{
      "Michael":{
        "p":0.8327507394,
        "r":0.2623242419,
        "f":0.3989694042
      },
      "Dwight":{
        "p":0.9301634473,
        "r":0.0846746923,
        "f":0.1552194396
      },
      "Jim":{
        "p":0.9134615385,
        "r":0.0142514251,
        "f":0.0280649926
      },
      "Pam":{
        "p":0.9583333333,
        "r":0.0043693009,
        "f":0.008698941
      }
    },
    "cats_macro_auc_per_type":0.0,
    "textcat_loss":88.0392740484
  }
}