{
  "lang":"en",
  "name":"pipeline",
  "version":"0.0.0",
  "spacy_version":">=3.3.1,<3.4.0",
  "description":"",
  "author":"",
  "email":"",
  "url":"",
  "license":"",
  "spacy_git_version":"5fb597f77",
  "vectors":{
    "width":0,
    "vectors":0,
    "keys":0,
    "name":null,
    "mode":"default"
  },
  "labels":{
    "textcat":[
      "Michael",
      "Dwight",
      "Jim",
      "Pam"
    ]
  },
  "pipeline":[
    "textcat"
  ],
  "components":[
    "textcat"
  ],
  "disabled":[

  ],
  "performance":{
    "cats_score":0.2121855879,
    "cats_score_desc":"macro F",
    "cats_micro_p":0.623723552,
    "cats_micro_r":0.2452696842,
    "cats_micro_f":0.3520866959,
    "cats_macro_p":0.6095343544,
    "cats_macro_r":0.1769998618,
    "cats_macro_f":0.2121855879,
    "cats_macro_auc":0.7295068475,
    "cats_f_per_type":{
      "Michael":{
        "p":0.615786971,
        "r":0.5484499407,
        "f":0.5801711393
      },
      "Dwight":{
        "p":0.6803331198,
        "r":0.1436493981,
        "f":0.237212419
      },
      "Jim":{
        "p":0.6732673267,
        "r":0.0102010201,
        "f":0.0200975321
      },
      "Pam":{
        "p":0.46875,
        "r":0.0056990881,
        "f":0.0112612613
      }
    },
    "cats_macro_auc_per_type":0.0,
    "textcat_loss":16.6904079467
  }
}