{
  "token_acc":1.0,
  "token_p":1.0,
  "token_r":1.0,
  "token_f":1.0,
  "cats_score":0.250299445,
  "cats_score_desc":"macro F",
  "cats_micro_p":0.4241265427,
  "cats_micro_r":0.2857812134,
  "cats_micro_f":0.3414736547,
  "cats_macro_p":0.3285789147,
  "cats_macro_r":0.2060784384,
  "cats_macro_f":0.250299445,
  "cats_macro_auc":0.6095144006,
  "cats_f_per_type":{
    "Michael":{
      "p":0.4760467748,
      "r":0.356295878,
      "f":0.4075569191
    },
    "Jim":{
      "p":0.372246696,
      "r":0.2535,
      "f":0.3016061868
    },
    "Dwight":{
      "p":0.4244755245,
      "r":0.2736699729,
      "f":0.3327850877
    },
    "Angela":{
      "p":0.2352941176,
      "r":0.102970297,
      "f":0.1432506887
    },
    "Kelly":{
      "p":0.1348314607,
      "r":0.043956044,
      "f":0.0662983425
    }
  },
  "cats_auc_per_type":{
    "Michael":0.5531825517,
    "Jim":0.6345437443,
    "Dwight":0.6064848806,
    "Angela":0.6683939887,
    "Kelly":0.584966838
  },
  "speed":259320.1522758226
}